user_id,first_name,last_name,phone_no,email,address
L6,Ardene,Oxburgh,2466174356,aoxburgh0@dagondesign.com,7 Homewood Trail
L7,Corey,Grimbaldeston,3024827455,cgrimbaldeston1@unc.edu,625 Jenifer Road
L8,Elset,Attow,2111838467,eattow2@jalbum.net,35 Spenser Drive
L9,Ray,Bernucci,7737062087,rbernucci3@blinklist.com,21 Declaration Trail
L10,Blakelee,Kenwin,5275111186,bkenwin4@cbsnews.com,9597 Upham Street
L11,Nelly,Gather,3985983993,ngather5@msu.edu,69 Kenwood Lane
L12,Grant,Snodin,9324004012,gsnodin6@google.de,02 West Place
L13,Brennan,Hannent,4801225549,bhannent7@patch.com,15 Larry Center
L14,Jessey,Fawlkes,6305307593,jfawlkes8@hatena.ne.jp,099 American Park
L15,Nevile,Scollard,3245968154,nscollard9@comcast.net,9 Division Place
L16,Caye,Lyenyng,5984760257,clyenynga@ucsd.edu,070 Northland Pass
L17,Marlane,Danilenko,9051089802,mdanilenkob@purevolume.com,51 Prairieview Trail
L18,Gearard,Joannidi,5964014131,gjoannidic@adobe.com,9 Mariners Cove Road
L19,Cello,Victory,4236784442,cvictoryd@cam.ac.uk,530 Clarendon Court
L20,Alma,Petracco,2347108650,apetraccoe@comsenz.com,4 Anderson Hill
L21,Sheffy,Cubbon,1998882070,scubbonf@opera.com,53772 Farwell Lane
L22,Kai,Obray,5338070910,kobrayg@php.net,964 Meadow Valley Court
L23,Blakelee,Serris,6728489079,bserrish@hhs.gov,159 Farmco Crossing
L24,Juana,Korneev,1961934833,jkorneevi@seattletimes.com,92713 Gateway Parkway
L25,Tamar,Ivanishev,3296142209,tivanishevj@smh.com.au,33 Judy Point
